,Time,CMSA-GAWW-22 Kloveniersburgwal,CMSA-GAWW-23 Bloedstraat,CMSA-GAWW-14 Oudezijds Voorburgwal t.h.v. 91,CMSA-GAWW-24 Nieuwebrugsteeg,CMSA-GAWW-17 Oudezijds Voorburgwal t.h.v. 206,CMSA-GAWW-19 Molensteeg,CMSA-GAWW-11 Korte Niezel,CMSA-GAWW-21 Damstraat,CMSA-GAWW-15 Oudezijds Achterburgwal t.h.v. 86,CMSA-GAWW-20 Oudebrugsteeg,CMSA-GAWW-13 Stoofsteeg,CMSA-GAWW-16 Oudezijds Achterburgwal t.h.v. 91,CMSA-GAWW-12 Oudekennissteeg,GADM-01-zone0 Dam-zone,GADM-01-total Dam-total,GACM-01 Kalverstraat Zuid t.h.v.73,CMSA-GAKH-01 Kalverstraat t.h.v. 1,GACM-02 Nieuwendijk t.h.v.218,GACM-03 Rokin 66,GACM-04 Damrak 1-5,GVCV-04 CS - ri. Buiksloterweg (Oost)
0,04/10/2021 00:00,57,73,77,93,141,167,281,292,299,319,327,352,448,2,8,34,43,43,60,99,2
1,04/10/2021 00:15,57,42,66,85,100,96,225,279,251,207,228,279,347,2,7,38,41,22,47,90,193
2,04/10/2021 00:30,43,42,73,46,93,63,227,212,183,141,190,170,231,2,6,26,47,43,21,68,311
3,04/10/2021 00:45,33,27,71,71,48,59,114,163,205,145,230,195,232,3,7,21,32,38,22,46,157
4,04/10/2021 01:00,38,31,72,45,38,43,121,124,160,107,194,103,201,1,4,10,32,10,31,37,86
5,04/10/2021 01:15,27,21,28,19,37,31,95,89,111,111,124,142,157,2,6,5,20,12,15,32,87
6,04/10/2021 01:30,27,29,47,28,47,28,99,68,77,107,111,70,120,1,5,17,19,14,10,25,99
7,04/10/2021 01:45,20,19,54,32,45,52,74,54,74,58,79,78,165,1,4,5,15,4,13,34,36
8,04/10/2021 02:00,17,25,26,25,41,31,60,59,89,60,77,85,68,1,4,5,15,10,18,17,36
9,04/10/2021 02:15,16,20,23,27,23,16,50,42,41,38,47,46,80,1,4,5,16,7,14,18,44
10,04/10/2021 02:30,23,15,32,25,29,24,46,41,38,45,39,40,72,2,5,,10,15,3,21,31
11,04/10/2021 02:45,14,15,30,21,26,24,54,24,26,47,44,42,51,1,3,1,15,6,0,12,18
12,04/10/2021 03:00,22,20,34,24,21,26,24,31,20,39,37,40,53,2,3,6,13,,0,9,14
13,04/10/2021 03:15,17,20,25,21,21,19,38,26,25,41,25,34,38,0,3,2,17,,,13,35
14,04/10/2021 03:30,23,23,17,13,17,15,22,18,29,32,32,42,56,2,3,,14,6,2,10,19
15,04/10/2021 03:45,21,12,14,18,12,26,24,28,33,31,33,35,26,2,4,0,16,,,3,12
16,04/10/2021 04:00,11,17,18,17,19,20,22,22,14,41,14,22,25,2,2,0,14,2,,10,11
17,04/10/2021 04:15,19,23,15,25,24,18,26,23,23,19,20,25,31,1,3,3,17,,2,2,42
18,04/10/2021 04:30,18,14,28,16,18,12,24,20,17,18,20,20,19,1,3,2,19,4,0,4,15
19,04/10/2021 04:45,25,25,19,18,18,21,26,25,16,28,23,24,39,1,3,2,19,2,3,5,24
20,04/10/2021 05:00,15,11,19,26,22,25,36,29,15,14,13,18,33,2,3,6,19,3,3,7,33
21,04/10/2021 05:15,16,13,15,26,13,13,21,18,15,26,16,18,16,2,3,,18,0,3,9,39
22,04/10/2021 05:30,17,19,16,17,12,18,22,19,15,28,17,14,13,1,2,,18,8,6,6,41
23,04/10/2021 05:45,16,19,12,15,20,17,22,26,15,34,19,25,24,1,3,5,14,4,0,19,43
24,04/10/2021 06:00,15,12,17,13,14,13,21,21,14,35,24,16,16,1,3,5,21,14,5,28,54
25,04/10/2021 06:15,18,16,19,16,16,20,24,26,11,31,15,19,21,1,2,10,15,4,6,43,135
26,04/10/2021 06:30,17,12,14,21,16,17,18,29,17,24,25,19,28,2,3,4,16,8,7,44,39
27,04/10/2021 06:45,24,18,24,28,14,15,34,40,29,28,26,16,20,1,4,9,21,14,5,45,49
28,04/10/2021 07:00,28,22,24,23,30,21,27,38,18,35,20,21,27,1,3,7,27,18,5,38,37
29,04/10/2021 07:15,29,20,30,50,27,20,19,63,17,55,15,48,12,1,3,10,24,4,16,59,112
30,04/10/2021 07:30,33,18,27,41,27,17,25,83,21,24,14,164,24,1,4,14,22,8,19,77,134
31,04/10/2021 07:45,47,20,30,59,22,28,34,117,22,35,18,19,31,1,5,22,35,4,22,77,241
32,04/10/2021 08:00,58,29,20,44,33,28,30,130,20,48,22,25,39,2,5,20,32,12,25,112,155
33,04/10/2021 08:15,73,33,32,84,39,40,60,180,22,54,20,20,40,2,6,36,48,16,39,125,283
34,04/10/2021 08:30,106,29,30,96,31,42,45,219,17,37,27,39,44,2,8,35,22,37,56,184,280
35,04/10/2021 08:45,150,30,30,88,44,34,58,343,26,65,27,20,57,3,10,37,43,32,71,183,201
36,04/10/2021 09:00,103,23,24,101,42,16,34,201,33,96,34,33,63,2,8,46,56,42,73,244,321
37,04/10/2021 09:15,110,29,22,91,46,29,50,205,20,63,29,31,34,2,6,49,63,54,70,161,111
38,04/10/2021 09:30,123,21,32,103,42,38,51,223,23,63,25,38,48,4,9,64,56,59,79,267,245
39,04/10/2021 09:45,102,36,35,110,43,38,67,205,22,71,39,41,60,4,14,67,83,83,95,227,118
40,04/10/2021 10:00,112,33,31,119,62,41,69,206,29,84,25,51,65,8,25,100,126,89,146,273,108
41,04/10/2021 10:15,131,28,62,156,67,44,80,282,41,84,44,41,86,13,31,122,108,115,135,308,255
42,04/10/2021 10:30,118,25,33,108,115,55,98,362,28,124,30,58,95,16,38,145,177,228,198,342,111
43,04/10/2021 10:45,131,34,45,109,100,53,73,352,33,148,30,52,98,22,52,206,244,233,216,337,170
44,04/10/2021 11:00,198,40,27,106,94,49,114,399,53,159,45,64,95,14,40,206,283,221,188,374,140
45,04/10/2021 11:15,120,28,50,82,120,68,99,464,33,151,58,49,93,21,49,267,279,262,192,355,117
46,04/10/2021 11:30,181,38,69,112,146,81,144,458,46,198,66,93,151,15,50,346,400,356,236,417,175
47,04/10/2021 11:45,208,40,49,165,153,113,136,536,95,194,89,84,137,16,54,374,365,338,239,463,88
48,04/10/2021 12:00,173,38,42,195,166,91,175,527,54,188,83,120,132,22,67,412,448,404,230,431,175
49,04/10/2021 12:15,189,58,64,216,141,97,135,593,68,195,88,95,164,22,76,465,516,480,230,498,179
50,04/10/2021 12:30,194,79,65,212,195,111,153,635,77,218,104,127,261,32,112,491,577,481,246,444,100
51,04/10/2021 12:45,267,71,71,207,176,153,148,700,149,230,101,138,305,27,102,515,605,499,256,429,237
52,04/10/2021 13:00,229,76,89,249,221,148,178,662,102,196,142,113,254,20,78,570,594,590,234,409,128
53,04/10/2021 13:15,222,77,73,227,219,137,164,659,83,264,136,174,229,32,110,592,666,596,268,382,113
54,04/10/2021 13:30,268,59,96,210,249,131,207,624,75,203,132,103,217,35,113,569,732,620,269,413,230
55,04/10/2021 13:45,217,65,70,243,189,132,189,664,110,203,156,132,246,25,99,676,794,699,284,270,150
56,04/10/2021 14:00,260,66,69,174,191,141,228,677,105,235,160,134,235,30,115,653,763,654,268,443,191
57,04/10/2021 14:15,244,68,109,215,215,208,174,772,115,250,208,148,315,28,131,725,832,786,286,495,235
58,04/10/2021 14:30,283,81,96,204,211,166,231,760,129,232,171,174,323,34,154,712,857,734,258,417,200
59,04/10/2021 14:45,349,79,95,235,168,162,237,757,141,245,189,127,376,27,140,710,854,671,247,417,313
60,04/10/2021 15:00,272,51,72,246,187,200,233,687,130,272,200,149,315,20,125,808,866,695,280,469,229
61,04/10/2021 15:15,224,68,71,196,192,151,215,662,90,319,177,147,316,39,139,641,937,736,244,437,184
62,04/10/2021 15:30,233,55,74,214,157,173,247,695,121,302,172,125,268,38,139,774,856,679,312,443,420
63,04/10/2021 15:45,209,76,88,252,208,145,193,783,149,284,226,159,296,45,151,879,970,743,316,465,202
64,04/10/2021 16:00,257,73,74,232,212,193,223,806,114,278,186,153,259,41,135,820,910,734,273,447,349
65,04/10/2021 16:15,253,79,76,226,217,154,244,756,126,277,191,164,281,35,153,740,936,735,290,443,251
66,04/10/2021 16:30,226,101,79,205,173,155,195,780,135,279,186,210,267,31,133,702,822,719,265,435,184
67,04/10/2021 16:45,287,82,107,281,192,192,264,798,135,251,216,182,404,27,110,683,802,734,289,475,375
68,04/10/2021 17:00,231,86,74,259,183,173,255,806,80,267,139,161,314,28,115,730,856,684,287,532,243
69,04/10/2021 17:15,220,75,99,205,220,200,282,861,141,268,187,134,335,25,138,635,848,762,278,504,387
70,04/10/2021 17:30,277,78,61,206,165,134,269,835,128,325,191,127,281,24,117,690,860,680,277,437,241
71,04/10/2021 17:45,305,72,96,271,242,174,237,879,103,280,170,188,314,22,108,560,795,623,293,475,447
72,04/10/2021 18:00,285,78,78,247,219,162,346,834,147,335,196,232,361,22,112,561,739,617,298,437,279
73,04/10/2021 18:15,212,90,83,241,202,171,286,654,150,284,190,196,294,16,69,450,664,504,199,409,331
74,04/10/2021 18:30,185,95,96,278,211,257,281,692,140,300,146,141,361,22,90,366,553,456,202,439,207
75,04/10/2021 18:45,205,77,101,273,208,246,306,769,183,287,163,195,267,22,81,326,508,416,184,380,365
76,04/10/2021 19:00,172,74,93,259,165,219,317,791,282,328,199,206,287,16,68,262,404,317,156,241,170
77,04/10/2021 19:15,165,88,88,215,174,266,301,723,229,257,221,283,285,10,51,222,289,228,182,317,235
78,04/10/2021 19:30,150,65,94,296,183,173,310,641,220,265,205,201,332,10,43,136,245,201,112,274,234
79,04/10/2021 19:45,191,72,95,211,286,225,349,733,305,319,296,293,432,10,36,175,273,203,120,243,180
80,04/10/2021 20:00,183,68,81,159,240,228,335,796,311,333,329,392,482,7,35,119,162,189,88,279,120
81,04/10/2021 20:15,186,104,89,223,218,259,317,736,492,305,343,302,414,10,55,112,134,168,64,229,166
82,04/10/2021 20:30,159,122,115,203,263,249,335,720,378,289,331,445,446,7,39,85,102,166,99,197,130
83,04/10/2021 20:45,138,102,142,199,226,222,363,599,337,299,328,432,432,8,26,59,89,95,92,205,209
84,04/10/2021 21:00,155,110,105,218,263,238,326,652,392,251,315,412,440,5,25,107,154,94,73,136,103
85,04/10/2021 21:15,182,146,128,218,267,177,366,612,415,373,340,400,425,5,19,88,108,105,50,149,82
86,04/10/2021 21:30,151,99,147,159,161,139,473,652,469,326,351,407,439,4,16,52,59,96,58,112,99
87,04/10/2021 21:45,163,137,140,195,249,183,301,636,430,302,335,431,548,4,15,79,101,89,68,160,145
88,04/10/2021 22:00,141,75,109,170,211,211,448,607,461,308,394,398,449,4,18,56,82,84,67,130,101
89,04/10/2021 22:15,92,68,169,222,222,125,328,472,411,338,335,422,446,3,11,47,74,71,62,119,71
90,04/10/2021 22:30,104,84,116,156,217,105,314,491,365,349,398,397,510,3,10,31,52,67,48,121,111
91,04/10/2021 22:45,68,88,76,138,182,124,319,425,366,275,278,320,429,3,11,20,42,62,32,99,184
92,04/10/2021 23:00,107,47,116,172,158,93,330,351,322,222,307,327,434,3,10,46,66,33,51,92,110
93,04/10/2021 23:15,66,43,135,114,128,142,255,359,268,208,265,296,326,3,9,38,33,53,35,105,67
94,04/10/2021 23:30,86,79,106,120,140,104,318,323,269,191,285,236,455,3,8,17,42,25,39,87,85
95,04/10/2021 23:45,44,55,79,140,125,93,304,290,292,216,266,268,308,4,10,21,47,43,47,91,75
96,05/10/2021 00:00,85,41,81,82,96,97,234,342,278,210,209,273,287,2,9,28,59,48,43,88,140
97,05/10/2021 00:15,69,36,59,47,86,101,180,196,210,194,162,186,250,2,11,13,27,63,27,59,114
98,05/10/2021 00:30,35,36,57,76,65,59,162,178,184,135,151,147,194,2,9,5,27,67,22,40,58
99,05/10/2021 00:45,31,41,46,44,45,60,93,111,140,115,134,122,170,1,4,4,30,53,14,36,
100,05/10/2021 01:00,30,26,47,31,63,49,120,88,78,65,108,107,144,2,3,7,31,17,14,42,50
101,05/10/2021 01:15,20,37,51,29,44,38,70,50,85,53,91,61,112,1,3,7,26,26,7,18,68
102,05/10/2021 01:30,22,21,28,32,26,35,40,44,90,85,63,62,131,1,3,3,26,8,14,29,28
103,05/10/2021 01:45,26,16,28,26,30,36,39,60,53,58,56,39,77,1,2,,15,13,7,19,24
104,05/10/2021 02:00,20,32,34,36,17,27,25,46,75,47,53,70,68,1,3,2,22,7,3,33,36
105,05/10/2021 02:15,23,18,21,26,28,22,24,32,32,37,24,40,46,1,2,,19,4,4,12,48
106,05/10/2021 02:30,15,21,20,24,22,14,25,27,26,40,26,43,75,2,2,4,15,16,,11,24
107,05/10/2021 02:45,22,12,24,23,25,22,26,38,34,37,34,22,44,1,2,2,14,11,,7,17
108,05/10/2021 03:00,12,17,13,18,25,12,26,22,29,53,24,21,35,2,3,0,12,5,0,2,16
109,05/10/2021 03:15,24,25,19,28,19,14,28,33,17,27,23,34,34,1,2,6,20,12,5,7,27
110,05/10/2021 03:30,13,14,23,21,17,15,20,24,24,29,20,27,49,1,2,,23,,,7,33
111,05/10/2021 03:45,13,17,15,16,24,16,22,20,16,31,24,25,24,1,1,3,18,3,6,2,11
112,05/10/2021 04:00,15,22,17,21,25,18,28,29,29,27,23,24,23,0,2,2,19,3,2,4,18
113,05/10/2021 04:15,14,27,18,22,23,15,14,22,17,34,19,29,32,1,2,,16,,0,4,10
114,05/10/2021 04:30,16,19,19,15,19,9,27,21,19,32,23,29,27,2,2,,11,2,,,22
115,05/10/2021 04:45,14,18,11,19,20,13,27,22,18,30,16,16,22,2,1,,16,1,3,9,20
116,05/10/2021 05:00,19,21,22,17,15,21,16,20,15,30,15,15,11,0,2,2,12,3,0,1,
117,05/10/2021 05:15,18,16,16,11,20,14,19,13,17,17,22,22,20,0,1,,12,,,1,38
118,05/10/2021 05:30,16,16,13,19,21,10,21,21,18,22,21,17,20,1,2,,15,1,2,8,35
119,05/10/2021 05:45,15,19,16,21,23,19,27,15,18,21,16,33,23,2,1,,14,0,2,18,41
120,05/10/2021 06:00,24,16,16,29,25,20,10,27,11,18,11,14,18,0,2,5,21,5,1,21,44
121,05/10/2021 06:15,18,12,20,27,17,20,10,24,19,18,14,19,14,1,1,2,16,4,2,27,96
122,05/10/2021 06:30,28,19,22,25,20,14,20,45,9,20,18,19,9,1,2,12,20,10,2,32,15
123,05/10/2021 06:45,24,17,22,38,21,16,23,40,10,18,16,20,21,1,2,13,16,15,5,40,52
124,05/10/2021 07:00,27,21,22,32,27,21,24,43,17,16,24,30,17,1,2,7,15,23,11,49,49
125,05/10/2021 07:15,24,15,18,35,41,23,21,60,18,25,14,16,18,1,2,29,21,6,5,64,134
126,05/10/2021 07:30,42,16,25,27,31,13,34,110,13,21,19,20,25,2,4,17,24,6,17,80,151
127,05/10/2021 07:45,64,21,27,55,29,25,37,113,21,19,20,33,32,1,4,24,26,16,22,103,191
128,05/10/2021 08:00,82,21,28,72,26,21,45,132,13,41,19,26,29,1,4,22,17,15,29,89,230
129,05/10/2021 08:15,87,21,23,67,24,33,51,181,22,59,22,39,29,1,6,22,20,11,33,171,339
130,05/10/2021 08:30,168,32,29,108,53,22,48,273,28,52,25,25,41,2,9,38,30,43,52,209,492
131,05/10/2021 08:45,173,29,26,95,56,29,72,350,24,61,29,42,32,2,9,51,44,54,48,229,328
132,05/10/2021 09:00,117,43,32,107,46,21,57,268,35,66,34,41,49,2,7,39,29,33,81,212,238
133,05/10/2021 09:15,107,46,22,92,47,30,50,232,19,68,27,28,42,2,8,56,33,50,49,229,345
134,05/10/2021 09:30,146,34,46,118,42,63,46,273,27,65,32,30,62,2,9,68,52,58,81,246,257
135,05/10/2021 09:45,124,32,47,109,65,35,45,279,28,52,42,54,82,5,15,77,87,129,103,265,160
136,05/10/2021 10:00,80,31,59,107,45,38,65,213,37,61,48,57,81,6,16,125,106,108,121,257,164
137,05/10/2021 10:15,106,29,46,147,71,31,77,214,31,93,32,62,75,12,27,129,217,160,169,328,129
138,05/10/2021 10:30,150,45,29,147,111,63,103,289,51,93,49,73,94,20,46,217,231,197,155,329,145
139,05/10/2021 10:45,210,55,39,111,97,78,116,348,41,178,38,83,132,14,43,257,290,265,217,451,165
140,05/10/2021 11:00,157,59,46,98,103,71,125,382,65,139,46,84,133,14,52,339,397,345,210,362,106
141,05/10/2021 11:15,279,49,42,129,126,96,110,466,44,166,65,100,129,18,66,360,341,329,226,368,151
142,05/10/2021 11:30,195,45,48,152,132,76,138,506,93,145,72,83,120,16,74,331,423,346,222,416,111
143,05/10/2021 11:45,239,59,52,177,145,86,171,499,81,212,78,78,142,20,90,327,445,442,186,380,210
144,05/10/2021 12:00,197,57,54,192,157,98,159,591,71,202,97,109,189,20,83,548,539,443,276,447,134
145,05/10/2021 12:15,226,54,73,220,176,158,185,662,65,214,109,104,219,20,104,491,558,589,233,424,243
146,05/10/2021 12:30,338,85,54,205,119,109,138,694,80,204,98,140,170,25,113,571,596,571,250,460,183
147,05/10/2021 12:45,247,65,45,218,189,120,204,696,75,236,109,97,192,40,142,592,677,612,206,385,170
148,05/10/2021 13:00,255,55,71,181,172,164,176,634,98,177,139,103,214,29,132,590,683,650,228,471,180
149,05/10/2021 13:15,236,52,78,179,129,122,178,655,90,198,121,119,206,32,139,672,723,656,307,463,195
150,05/10/2021 13:30,259,66,76,154,172,131,168,689,83,256,120,124,221,33,133,615,753,656,272,365,283
151,05/10/2021 13:45,161,63,92,212,152,142,213,669,86,260,144,103,241,23,102,530,662,570,242,396,147
152,05/10/2021 14:00,144,60,52,154,134,106,150,558,84,191,106,93,170,12,48,423,647,472,130,331,119
153,05/10/2021 14:15,157,36,47,164,105,122,166,432,80,184,112,69,120,6,34,350,635,405,151,265,180
154,05/10/2021 14:30,99,50,37,138,74,93,138,349,61,184,99,80,147,5,26,309,569,263,96,222,200
155,05/10/2021 14:45,107,29,29,139,97,64,115,360,39,156,80,60,131,4,19,250,500,294,83,223,120
156,05/10/2021 15:00,101,58,54,131,80,71,116,408,45,153,62,79,114,5,27,277,598,364,84,253,97
157,05/10/2021 15:15,119,47,43,159,97,41,124,357,34,157,64,66,108,6,26,239,499,302,91,235,118
158,05/10/2021 15:30,135,41,39,156,85,95,138,436,38,180,80,75,119,6,31,268,575,326,93,293,186
159,05/10/2021 15:45,135,45,51,130,110,63,132,401,64,167,92,87,156,5,23,266,527,337,69,270,190
160,05/10/2021 16:00,117,51,58,118,146,139,127,411,70,177,104,86,161,6,24,308,523,409,127,269,174
161,05/10/2021 16:15,143,49,56,112,106,131,169,426,64,175,131,120,211,8,28,358,646,357,104,315,176
162,05/10/2021 16:30,172,45,80,195,135,146,194,586,65,199,125,136,175,14,57,447,624,564,178,349,208
163,05/10/2021 16:45,231,44,73,194,142,105,241,653,102,241,144,140,210,18,64,541,683,583,213,436,311
164,05/10/2021 17:00,221,74,72,201,154,161,218,661,117,239,132,113,237,21,78,568,706,609,209,450,172
165,05/10/2021 17:15,242,54,64,191,135,150,189,683,127,263,143,117,226,27,117,582,767,587,257,378,462
166,05/10/2021 17:30,267,80,77,178,126,202,232,743,129,236,169,168,268,13,61,518,611,591,317,424,234
167,05/10/2021 17:45,270,79,66,224,186,182,268,833,105,307,184,146,277,17,63,560,652,528,302,383,420
168,05/10/2021 18:00,319,87,84,249,221,156,250,815,159,273,143,156,206,23,104,593,683,594,245,366,248
169,05/10/2021 18:15,240,81,108,219,170,131,249,790,146,230,194,175,233,21,95,469,637,578,215,434,400
170,05/10/2021 18:30,241,76,93,264,222,152,297,760,150,328,160,157,274,23,113,433,563,473,270,395,263
171,05/10/2021 18:45,254,94,110,276,246,157,237,747,210,256,227,147,309,20,101,380,580,359,184,371,191
172,05/10/2021 19:00,219,85,63,217,168,198,287,692,252,263,191,200,328,67,125,293,446,371,136,280,275
173,05/10/2021 19:15,199,79,91,211,227,199,254,594,215,280,174,196,371,147,208,196,383,294,175,234,220
174,05/10/2021 19:30,167,116,91,218,235,184,415,812,341,334,261,321,365,14,54,154,246,263,149,259,139
175,05/10/2021 19:45,207,125,90,217,204,205,428,697,292,314,255,316,485,13,42,167,285,236,122,286,146
176,05/10/2021 20:00,175,141,116,267,240,175,381,602,343,281,304,370,388,9,32,139,232,180,93,253,126
177,05/10/2021 20:15,182,109,142,201,225,227,372,536,370,342,296,365,353,10,34,88,97,159,122,243,76
178,05/10/2021 20:30,159,115,70,230,225,178,385,569,405,314,326,380,434,5,19,66,122,113,36,176,86
179,05/10/2021 20:45,130,114,75,182,136,229,348,606,296,309,226,544,346,4,16,77,138,124,54,184,107
180,05/10/2021 21:00,96,111,58,170,154,246,352,469,290,230,213,480,371,3,11,37,83,89,53,86,146
181,05/10/2021 21:15,72,58,44,130,70,205,196,169,138,239,181,170,273,2,4,30,22,52,35,94,49
182,05/10/2021 21:30,109,77,90,162,157,248,265,362,317,194,225,222,389,2,4,31,35,41,33,84,55
183,05/10/2021 21:45,116,60,74,125,138,201,277,353,269,240,243,305,421,1,4,32,45,36,8,86,58
184,05/10/2021 22:00,83,50,58,156,110,184,271,370,239,228,176,239,352,1,3,21,35,52,15,89,130
185,05/10/2021 22:15,99,52,54,120,135,139,199,310,231,206,209,204,302,2,3,23,43,41,15,65,105
186,05/10/2021 22:30,109,96,104,157,146,135,252,385,284,207,189,259,390,2,6,42,50,39,30,74,82
187,05/10/2021 22:45,73,53,122,110,136,103,252,409,257,259,197,254,311,2,7,20,55,54,55,95,148
188,05/10/2021 23:00,69,74,70,97,104,120,219,278,220,212,192,255,356,1,5,33,51,60,23,57,78
189,05/10/2021 23:15,69,63,80,124,150,134,256,265,234,178,239,191,336,2,6,20,56,61,31,73,68
190,05/10/2021 23:30,63,61,66,140,113,122,207,254,253,141,250,217,337,2,7,36,52,34,36,83,64
191,05/10/2021 23:45,54,55,50,95,77,81,228,103,128,179,99,117,342,2,3,10,23,45,4,52,74
192,06/10/2021 00:00,75,75,39,137,71,85,211,229,153,247,135,201,306,2,6,21,29,41,19,85,123
193,06/10/2021 00:15,47,41,48,89,56,68,150,211,167,171,129,123,263,2,5,17,44,60,6,51,98
194,06/10/2021 00:30,29,34,32,50,36,60,101,96,84,144,64,123,123,1,2,11,19,58,5,39,144
195,06/10/2021 00:45,51,23,33,27,50,58,104,58,69,104,78,91,168,1,2,11,21,28,9,34,38
196,06/10/2021 01:00,20,13,24,29,23,24,63,32,47,79,40,69,158,2,2,2,13,7,2,18,28
197,06/10/2021 01:15,27,31,21,25,20,28,43,28,39,58,34,53,109,1,2,0,15,7,4,18,31
198,06/10/2021 01:30,17,21,22,31,22,34,48,37,28,48,22,47,81,2,2,2,15,1,0,9,33
199,06/10/2021 01:45,15,20,23,24,17,23,45,29,50,36,46,46,100,1,2,2,20,1,1,9,28
200,06/10/2021 02:00,16,17,15,14,25,25,30,53,25,42,27,26,55,0,2,,12,1,2,6,14
201,06/10/2021 02:15,22,24,20,21,20,24,27,41,31,42,22,23,65,0,2,,17,3,0,7,29
202,06/10/2021 02:30,16,16,21,18,16,24,30,30,28,43,24,28,38,1,2,1,20,14,4,,4
203,06/10/2021 02:45,19,22,21,22,14,22,40,33,30,60,26,42,48,0,2,,13,6,0,7,8
204,06/10/2021 03:00,17,22,18,15,15,23,30,11,25,30,16,30,33,0,2,1,20,3,1,7,6
205,06/10/2021 03:15,18,16,17,19,17,20,39,34,20,36,14,12,31,1,1,3,17,,2,3,20
206,06/10/2021 03:30,15,12,15,16,26,25,23,22,25,48,23,16,26,2,2,,16,3,,6,17
207,06/10/2021 03:45,12,13,16,15,18,28,26,26,17,34,16,18,31,1,1,,13,1,4,,3
208,06/10/2021 04:00,15,16,13,17,17,17,22,20,17,19,22,17,21,1,2,,13,,,1,17
209,06/10/2021 04:15,17,15,21,16,17,26,23,20,20,22,14,29,36,1,1,,14,0,,2,18
210,06/10/2021 04:30,10,21,13,21,18,16,20,16,20,22,17,16,20,0,2,,12,4,,2,4
211,06/10/2021 04:45,12,12,16,13,16,19,12,10,18,19,21,18,27,0,1,,13,0,,5,11
212,06/10/2021 05:00,17,13,15,20,18,15,20,19,17,27,15,18,18,2,1,,17,,,4,12
213,06/10/2021 05:15,16,17,21,19,15,15,15,17,15,16,18,17,15,0,1,0,16,,,0,25
214,06/10/2021 05:30,15,17,16,19,17,12,16,13,14,24,23,13,14,3,1,,14,3,,2,21
215,06/10/2021 05:45,15,14,14,18,9,19,15,22,14,18,13,18,23,0,1,,18,,,6,28
216,06/10/2021 06:00,16,16,18,18,14,17,20,15,11,20,14,26,21,0,1,,16,,1,11,14
217,06/10/2021 06:15,18,13,18,27,15,10,17,22,13,27,15,12,22,0,1,0,15,1,,6,31
218,06/10/2021 06:30,22,17,13,15,13,15,19,20,19,15,13,17,12,1,1,0,16,4,,12,30
219,06/10/2021 06:45,15,18,19,32,18,15,21,20,11,14,21,21,21,3,2,5,12,3,2,14,23
220,06/10/2021 07:00,16,23,17,29,13,19,18,23,10,21,16,18,15,0,1,0,17,10,1,5,16
221,06/10/2021 07:15,17,19,18,25,14,15,26,28,18,16,9,13,22,1,1,3,16,0,0,9,41
222,06/10/2021 07:30,18,15,19,42,16,14,26,51,25,18,11,18,22,1,2,15,16,0,0,30,46
223,06/10/2021 07:45,43,22,19,45,25,24,35,83,19,34,22,39,22,1,2,18,25,5,12,71,146
224,06/10/2021 08:00,44,21,20,44,37,32,34,123,21,49,15,26,35,1,2,5,17,4,18,83,138
225,06/10/2021 08:15,75,31,21,50,38,25,35,150,23,15,15,20,29,1,2,28,16,14,12,81,134
226,06/10/2021 08:30,94,32,38,72,31,22,55,234,20,42,22,39,39,1,6,24,18,15,30,162,371
227,06/10/2021 08:45,97,19,27,73,43,25,60,196,22,52,17,21,27,1,5,22,20,24,20,114,159
228,06/10/2021 09:00,66,22,23,63,37,25,33,115,23,55,18,29,31,1,4,16,18,22,25,94,226
229,06/10/2021 09:15,85,29,25,69,26,30,33,161,18,49,18,23,36,2,7,39,15,39,73,142,217
230,06/10/2021 09:30,109,28,26,138,42,34,50,201,15,86,26,34,50,3,11,80,20,66,82,255,161
231,06/10/2021 09:45,114,37,38,116,58,33,60,230,44,71,29,34,53,3,12,83,48,70,96,221,238
232,06/10/2021 10:00,98,38,44,137,36,50,69,210,44,120,41,44,109,7,27,79,143,87,87,234,141
233,06/10/2021 10:15,163,49,34,119,53,46,79,210,37,88,61,50,84,8,30,98,128,171,107,284,121
234,06/10/2021 10:30,99,33,46,155,79,83,95,245,46,143,65,43,119,19,52,166,172,211,109,359,195
235,06/10/2021 10:45,134,51,56,112,110,54,87,391,87,112,56,62,93,16,54,188,56,194,104,238,98
236,06/10/2021 11:00,118,49,42,114,58,89,109,336,32,138,64,63,132,9,42,257,192,234,156,275,74
237,06/10/2021 11:15,93,41,40,84,114,77,113,314,43,121,73,53,129,8,31,195,268,210,137,150,156
238,06/10/2021 11:30,120,43,32,119,91,68,123,367,41,184,76,64,87,10,36,325,389,304,168,458,104
239,06/10/2021 11:45,120,39,38,156,105,76,131,454,52,187,62,91,150,13,51,311,346,291,143,262,124
240,06/10/2021 12:00,118,57,42,112,73,66,93,355,41,123,63,57,99,6,25,213,345,251,96,235,157
241,06/10/2021 12:15,107,45,52,181,103,69,143,401,69,177,92,74,127,14,55,346,657,468,177,369,91
242,06/10/2021 12:30,150,45,54,139,136,101,168,569,72,139,78,103,175,19,81,495,538,524,288,294,166
243,06/10/2021 12:45,221,43,64,177,136,109,194,544,86,201,89,106,200,18,80,419,537,519,242,297,145
244,06/10/2021 13:00,169,54,63,132,135,118,157,534,100,225,124,126,191,22,77,462,522,469,222,338,137
245,06/10/2021 13:15,169,59,65,198,128,110,148,548,66,196,122,106,167,21,107,543,615,595,232,343,182
246,06/10/2021 13:30,167,61,78,157,180,96,91,584,66,172,139,100,201,19,101,614,620,602,222,405,207
247,06/10/2021 13:45,167,71,64,167,171,145,157,587,69,168,136,127,217,22,108,578,717,620,235,379,124
248,06/10/2021 14:00,196,66,62,169,185,143,170,602,114,200,138,123,215,23,106,579,662,603,254,347,161
249,06/10/2021 14:15,176,66,57,177,163,166,176,630,97,249,124,105,232,26,111,634,750,621,250,411,116
250,06/10/2021 14:30,182,77,74,228,179,113,178,787,106,192,132,146,195,19,97,636,621,577,221,399,198
251,06/10/2021 14:45,271,72,97,206,199,169,191,675,118,235,165,140,257,20,98,671,830,614,224,424,219
252,06/10/2021 15:00,210,73,113,218,161,160,197,699,128,232,189,151,287,34,118,685,810,656,265,478,204
253,06/10/2021 15:15,227,64,83,167,166,161,217,633,137,261,166,176,326,95,181,777,878,672,252,450,224
254,06/10/2021 15:30,184,63,81,187,208,155,207,792,99,240,167,138,268,37,118,703,883,714,278,522,334
255,06/10/2021 15:45,220,76,83,190,182,109,176,805,134,247,181,189,289,26,115,742,883,625,309,449,177
256,06/10/2021 16:00,259,107,92,206,166,154,226,698,105,265,134,174,272,16,100,712,863,747,300,403,242
257,06/10/2021 16:15,245,79,59,210,191,142,239,774,114,253,153,135,267,29,116,766,941,759,291,460,247
258,06/10/2021 16:30,175,62,92,216,154,155,243,826,138,264,163,177,248,23,106,696,919,797,313,444,200
259,06/10/2021 16:45,219,98,81,209,145,153,220,881,123,287,156,203,326,26,134,695,991,760,310,519,325
260,06/10/2021 17:00,291,77,80,226,155,167,242,850,144,263,170,154,305,38,147,694,911,783,279,487,263
261,06/10/2021 17:15,255,88,86,248,187,127,268,756,148,285,165,165,358,130,245,671,812,565,248,390,259
262,06/10/2021 17:30,303,104,91,296,171,121,255,830,138,305,172,208,239,72,155,670,897,792,362,478,458
263,06/10/2021 17:45,276,110,91,268,186,148,312,771,175,300,202,149,307,93,177,599,753,627,243,437,358
264,06/10/2021 18:00,303,114,100,323,173,192,240,846,132,295,188,175,257,80,170,584,679,678,315,476,428
265,06/10/2021 18:15,267,91,123,260,163,189,256,839,189,298,197,182,366,21,95,534,673,545,271,429,284
266,06/10/2021 18:30,260,90,71,221,222,161,256,843,128,328,207,162,298,25,103,463,607,525,208,409,382
267,06/10/2021 18:45,253,87,94,264,184,173,291,782,188,277,194,183,340,21,96,432,579,489,204,281,249
268,06/10/2021 19:00,287,106,100,276,243,191,290,759,228,326,223,216,373,19,84,305,454,359,180,319,191
269,06/10/2021 19:15,189,61,102,248,182,217,384,695,350,377,229,235,343,18,74,247,387,350,168,305,359
270,06/10/2021 19:30,200,97,80,336,284,173,388,681,318,317,277,303,366,32,75,199,354,211,157,249,212
271,06/10/2021 19:45,224,118,108,241,252,171,366,719,339,344,358,366,439,88,123,114,219,201,85,240,195
272,06/10/2021 20:00,203,110,88,234,259,196,330,731,313,359,247,338,371,31,55,114,206,214,131,180,148
273,06/10/2021 20:15,188,104,74,171,205,173,350,584,329,317,261,419,374,4,14,41,113,127,63,134,83
274,06/10/2021 20:30,179,98,80,180,255,221,334,645,376,320,322,343,576,4,20,75,110,169,77,184,119
275,06/10/2021 20:45,211,89,95,140,249,207,403,614,424,293,417,394,663,8,26,80,88,109,128,187,168
276,06/10/2021 21:00,147,156,98,239,223,227,369,591,377,273,385,428,518,6,21,74,97,157,96,150,174
277,06/10/2021 21:15,165,154,115,220,264,223,373,629,442,269,376,574,635,5,21,76,90,139,83,161,103
278,06/10/2021 21:30,152,122,76,222,177,221,432,595,505,336,377,554,583,4,16,54,75,97,93,147,134
279,06/10/2021 21:45,148,159,89,175,229,129,368,658,446,349,392,488,639,5,20,64,83,90,73,130,92
280,06/10/2021 22:00,162,152,145,231,248,100,421,600,468,295,475,571,553,4,18,72,59,86,64,167,289
281,06/10/2021 22:15,149,148,153,178,247,167,366,609,394,315,354,402,565,2,12,47,91,82,74,131,110
282,06/10/2021 22:30,125,77,174,157,252,145,366,477,380,221,421,404,534,3,12,53,67,91,65,99,115
283,06/10/2021 22:45,88,83,197,174,197,124,405,495,384,244,309,363,616,2,13,55,88,80,37,120,96
284,06/10/2021 23:00,151,76,145,124,162,163,367,418,477,251,358,386,526,2,10,31,49,69,38,82,144
285,06/10/2021 23:15,100,67,145,162,240,119,330,425,334,240,372,320,480,2,9,48,73,62,42,112,95
286,06/10/2021 23:30,90,60,95,119,172,134,296,392,365,202,279,298,401,2,9,26,45,54,35,89,91
287,06/10/2021 23:45,77,65,148,99,191,129,257,396,370,185,323,301,447,2,11,12,34,64,35,85,200
288,07/10/2021 00:00,90,72,137,124,170,147,303,414,346,264,272,320,460,2,9,53,51,101,58,104,179
289,07/10/2021 00:15,70,72,131,67,135,93,230,357,327,215,334,239,331,3,9,20,54,83,42,57,293
290,07/10/2021 00:30,58,55,96,91,71,90,205,213,203,189,197,196,300,2,9,19,35,81,23,52,235
291,07/10/2021 00:45,40,40,70,48,40,29,95,121,145,128,203,160,280,1,10,13,24,38,5,57,70
292,07/10/2021 01:00,38,29,72,45,39,53,98,120,122,69,120,102,231,2,10,10,29,41,19,40,62
293,07/10/2021 01:15,27,34,65,32,32,37,73,119,134,96,125,87,163,1,5,4,20,23,11,46,135
294,07/10/2021 01:30,18,26,40,22,53,32,82,99,108,105,131,90,173,1,5,10,29,18,6,16,61
295,07/10/2021 01:45,30,40,36,26,37,25,58,54,79,52,76,70,97,1,5,11,19,23,3,21,30
296,07/10/2021 02:00,22,38,38,37,30,42,53,68,57,65,64,50,95,1,5,5,23,14,3,17,32
297,07/10/2021 02:15,19,23,36,22,29,16,33,60,43,47,43,40,77,1,4,1,18,16,5,16,44
298,07/10/2021 02:30,23,17,28,19,48,22,39,41,38,33,48,31,80,2,5,6,26,10,0,30,56
299,07/10/2021 02:45,23,14,34,21,21,22,38,60,38,27,47,65,57,1,4,,11,7,,11,23
300,07/10/2021 03:00,19,20,15,22,19,26,34,29,42,35,43,31,48,1,4,0,10,5,4,8,20
301,07/10/2021 03:15,17,21,23,14,24,20,23,40,25,62,25,20,26,1,4,0,21,,3,6,14
302,07/10/2021 03:30,18,18,25,22,12,31,20,25,20,28,23,28,32,1,4,2,16,3,,13,30
303,07/10/2021 03:45,17,19,27,13,16,15,21,25,17,43,23,18,19,2,4,,14,1,5,11,7
304,07/10/2021 04:00,21,18,17,16,23,22,25,23,17,38,22,21,26,2,4,,14,,0,4,17
305,07/10/2021 04:15,12,15,14,14,17,18,24,17,28,27,21,22,24,0,3,0,18,3,,0,18
306,07/10/2021 04:30,16,20,21,13,21,24,16,20,21,33,10,15,18,1,3,,14,2,4,9,13
307,07/10/2021 04:45,17,21,14,11,18,19,15,18,17,46,19,16,22,0,3,1,18,2,0,6,21
308,07/10/2021 05:00,15,21,15,13,15,14,15,22,13,28,21,21,19,1,3,,19,,,7,26
309,07/10/2021 05:15,20,18,17,14,24,23,16,17,12,30,14,13,17,1,3,,12,,2,10,44
310,07/10/2021 05:30,12,12,17,21,18,12,20,24,16,21,18,16,21,1,4,2,15,7,,4,30
311,07/10/2021 05:45,17,14,13,26,13,23,15,25,16,16,19,15,15,1,3,,16,4,3,16,43
312,07/10/2021 06:00,21,19,14,19,13,14,22,33,13,17,16,17,18,1,3,1,20,4,0,28,41
313,07/10/2021 06:15,19,10,17,18,20,24,14,27,18,26,12,16,18,1,3,4,39,13,2,31,120
314,07/10/2021 06:30,29,11,25,24,21,18,23,51,11,23,25,19,24,1,3,6,42,8,8,36,42
315,07/10/2021 06:45,28,17,15,32,17,15,24,53,16,17,17,13,23,1,4,12,36,10,10,73,53
316,07/10/2021 07:00,22,20,30,27,22,14,23,33,23,27,18,18,21,1,3,4,29,6,1,40,50
317,07/10/2021 07:15,19,27,17,40,25,20,27,63,13,24,13,39,17,1,2,13,23,6,17,60,122
318,07/10/2021 07:30,35,13,20,45,31,23,30,94,17,28,24,17,23,1,2,34,20,12,10,67,107
319,07/10/2021 07:45,57,16,31,53,19,26,31,87,23,30,21,25,30,1,3,18,42,29,16,94,164
320,07/10/2021 08:00,79,19,27,66,34,25,42,115,19,45,26,22,23,1,3,19,26,9,23,76,322
321,07/10/2021 08:15,78,26,27,77,28,29,44,158,15,39,19,23,35,2,4,19,25,23,50,121,222
322,07/10/2021 08:30,163,31,19,71,59,21,46,254,26,53,21,27,40,1,6,33,58,39,70,178,237
323,07/10/2021 08:45,182,30,33,76,51,45,70,326,23,59,24,36,47,2,9,42,35,45,59,185,561
324,07/10/2021 09:00,146,21,32,79,58,36,49,253,16,76,32,36,52,3,11,59,52,42,78,201,214
325,07/10/2021 09:15,42,35,33,79,66,27,69,220,24,74,26,29,36,3,14,28,62,69,59,202,374
326,07/10/2021 09:30,47,18,41,100,44,34,66,244,19,66,24,27,41,5,18,78,89,75,72,248,218
327,07/10/2021 09:45,118,17,33,145,74,42,84,276,36,99,26,31,69,5,23,104,133,104,78,257,141
328,07/10/2021 10:00,94,19,40,99,74,37,63,251,25,108,37,40,65,6,23,139,156,120,119,314,222
329,07/10/2021 10:15,105,21,43,97,58,37,55,269,33,88,42,33,104,11,33,172,204,212,156,375,243
330,07/10/2021 10:30,130,22,49,131,109,62,87,313,51,161,54,50,97,17,51,209,203,190,194,394,121
331,07/10/2021 10:45,226,25,51,115,69,47,100,390,38,194,46,65,96,34,94,244,273,225,133,395,163
332,07/10/2021 11:00,182,33,39,136,97,73,124,420,32,164,61,62,116,16,73,267,312,292,187,380,174
333,07/10/2021 11:15,191,28,53,168,116,81,89,363,61,176,87,76,117,15,66,356,387,340,245,431,190
334,07/10/2021 11:30,151,38,51,152,143,97,122,529,56,179,53,107,141,19,84,382,423,405,174,402,143
335,07/10/2021 11:45,242,48,50,231,144,104,143,576,47,176,84,103,144,22,85,460,464,479,235,399,144
336,07/10/2021 12:00,189,34,56,191,153,117,165,552,97,190,96,109,193,38,113,523,590,509,253,449,210
337,07/10/2021 12:15,218,54,65,246,116,124,155,588,68,238,110,133,200,31,134,612,674,592,246,461,194
338,07/10/2021 12:30,223,128,74,173,161,133,201,653,91,242,190,206,170,28,135,447,734,624,255,393,120
339,07/10/2021 12:45,274,43,52,225,143,131,161,687,81,185,122,127,191,34,147,607,682,653,259,457,306
340,07/10/2021 13:00,245,58,69,195,170,99,205,635,86,241,89,117,189,80,208,668,684,639,255,501,199
341,07/10/2021 13:15,213,59,78,223,137,133,214,616,77,255,101,98,226,96,233,706,861,670,313,461,196
342,07/10/2021 13:30,231,68,74,290,188,158,194,713,123,289,163,140,290,33,165,706,811,672,276,413,251
343,07/10/2021 13:45,191,85,94,245,165,118,231,666,107,229,193,150,228,36,177,737,336,571,248,420,353
344,07/10/2021 14:00,222,66,93,244,179,146,271,605,112,283,173,153,241,37,172,714,788,678,329,437,246
345,07/10/2021 14:15,244,66,88,214,237,170,268,794,133,274,205,181,293,41,187,709,953,742,310,486,183
346,07/10/2021 14:30,242,85,64,204,164,173,251,723,107,310,214,196,260,37,155,692,893,722,283,328,196
347,07/10/2021 14:45,340,80,113,233,183,170,238,889,115,280,162,174,296,30,133,766,857,727,285,453,297
348,07/10/2021 15:00,303,96,92,217,201,136,265,773,125,282,236,206,251,29,131,830,960,662,353,446,206
349,07/10/2021 15:15,252,82,93,283,194,163,299,789,117,296,282,219,299,33,151,275,871,760,602,363,178
350,07/10/2021 15:30,227,97,121,199,207,133,218,999,137,304,190,154,344,37,163,822,962,771,466,607,456
351,07/10/2021 15:45,241,112,109,196,225,176,279,870,189,322,326,187,304,36,176,715,988,785,320,492,206
352,07/10/2021 16:00,307,101,91,258,198,149,296,779,149,418,210,167,323,33,167,769,952,812,327,441,273
353,07/10/2021 16:15,262,84,76,232,206,179,260,867,153,295,207,132,288,33,187,768,1090,808,328,475,360
354,07/10/2021 16:30,274,89,110,225,240,165,258,945,191,356,247,207,318,34,170,820,963,847,263,517,271
355,07/10/2021 16:45,326,81,110,321,226,166,254,851,159,376,257,184,271,34,161,806,1040,780,347,537,349
356,07/10/2021 17:00,364,85,88,272,183,189,321,952,176,341,210,181,307,47,187,784,961,828,347,458,286
357,07/10/2021 17:15,308,95,177,314,248,201,275,1001,127,303,261,226,299,31,123,784,1073,801,334,488,472
358,07/10/2021 17:30,271,90,94,316,277,204,262,982,205,399,205,196,348,36,127,735,1032,818,353,538,287
359,07/10/2021 17:45,361,92,123,258,248,171,275,1057,161,345,210,183,324,46,172,719,929,747,343,475,560
360,07/10/2021 18:00,359,117,122,323,293,149,352,981,198,418,155,242,384,31,160,820,1056,838,330,547,235
361,07/10/2021 18:15,441,111,116,341,198,152,345,940,160,332,226,166,264,32,138,710,933,821,315,518,469
362,07/10/2021 18:30,373,111,104,343,234,213,299,834,180,384,236,195,481,34,142,736,958,774,318,514,272
363,07/10/2021 18:45,399,130,100,273,255,231,377,873,220,417,201,222,439,74,181,676,875,686,316,406,421
364,07/10/2021 19:00,314,141,135,282,229,284,377,849,250,373,268,275,414,150,254,558,778,657,246,426,202
365,07/10/2021 19:15,381,83,108,272,364,252,425,937,298,369,361,340,380,21,98,571,735,584,260,404,413
366,07/10/2021 19:30,366,108,119,269,302,220,394,872,400,444,408,388,532,20,75,491,754,574,155,288,174
367,07/10/2021 19:45,244,129,102,264,246,255,349,818,408,361,386,428,489,22,79,477,676,534,164,369,261
368,07/10/2021 20:00,275,127,96,269,339,205,406,856,412,369,371,413,573,18,71,365,564,463,181,325,226
369,07/10/2021 20:15,216,169,152,255,364,252,415,949,507,388,432,443,474,16,54,338,459,421,148,327,239
370,07/10/2021 20:30,247,137,96,268,298,309,446,832,455,434,404,457,542,18,54,316,525,410,142,240,148
371,07/10/2021 20:45,341,194,119,234,254,274,467,809,554,380,453,536,646,13,47,258,390,384,143,189,216
372,07/10/2021 21:00,264,126,158,245,278,326,500,837,533,409,477,555,752,12,47,207,287,321,136,201,136
373,07/10/2021 21:15,312,190,173,290,348,261,435,910,552,368,448,549,653,10,36,97,154,183,99,257,247
374,07/10/2021 21:30,270,139,215,176,301,248,481,847,600,324,534,644,560,8,35,110,164,180,70,251,121
375,07/10/2021 21:45,210,103,202,288,334,275,501,804,532,398,473,484,687,7,24,96,122,124,75,197,206
376,07/10/2021 22:00,174,152,221,272,363,226,422,862,556,337,473,545,533,10,30,54,102,146,111,195,149
377,07/10/2021 22:15,248,116,192,270,269,169,320,721,648,338,553,605,578,9,26,78,145,100,91,181,184
378,07/10/2021 22:30,148,143,259,216,232,202,522,793,587,327,451,573,541,7,21,56,83,104,101,166,177
379,07/10/2021 22:45,171,150,188,237,280,207,448,746,575,316,479,643,631,5,18,56,102,103,108,136,120
380,07/10/2021 23:00,171,124,104,193,266,216,396,573,523,408,485,539,491,4,14,60,74,73,77,142,185
381,07/10/2021 23:15,135,106,139,161,237,213,332,624,404,326,473,532,429,3,13,48,82,104,55,127,105
382,07/10/2021 23:30,138,91,122,171,197,232,298,506,451,250,395,406,485,3,14,56,100,107,52,118,155
383,07/10/2021 23:45,100,95,149,201,221,231,339,516,476,303,489,421,546,3,14,51,62,83,52,135,32
384,08/10/2021 00:00,157,66,186,181,248,143,437,610,482,315,432,487,494,4,12,35,50,87,51,94,
385,08/10/2021 00:15,131,72,175,92,201,228,314,466,416,339,367,326,545,5,16,50,75,135,99,111,1
386,08/10/2021 00:30,81,79,88,100,126,90,259,331,266,194,314,247,311,4,11,38,66,100,63,91,
387,08/10/2021 00:45,50,51,78,54,123,56,204,258,230,218,255,201,264,3,13,22,43,91,34,77,
388,08/10/2021 01:00,41,24,92,61,114,69,164,206,225,122,209,146,269,1,11,9,34,73,20,46,
389,08/10/2021 01:15,43,30,60,47,105,46,121,166,129,119,135,133,194,3,10,11,36,20,16,53,
390,08/10/2021 01:30,29,31,47,46,67,58,86,141,121,105,113,100,177,2,6,18,31,31,15,34,
391,08/10/2021 01:45,26,28,43,25,40,40,87,122,81,98,92,93,147,2,5,11,30,45,9,35,4
392,08/10/2021 02:00,29,39,30,19,45,36,100,71,113,61,80,58,119,1,2,2,19,32,15,20,
393,08/10/2021 02:15,33,26,27,31,32,31,69,47,49,59,61,97,108,1,2,4,23,22,13,23,1
394,08/10/2021 02:30,24,17,38,18,28,25,44,63,41,46,56,73,69,2,2,0,23,8,0,16,1
395,08/10/2021 02:45,23,14,23,35,42,29,33,48,36,62,28,42,61,2,1,5,21,7,4,20,41
396,08/10/2021 03:00,22,14,29,22,18,16,34,48,43,20,39,35,57,1,1,2,19,6,9,8,14
397,08/10/2021 03:15,17,19,27,24,24,29,31,30,22,53,28,47,32,1,1,0,18,1,7,10,25
398,08/10/2021 03:30,16,24,17,25,21,22,21,32,18,33,21,41,29,1,1,,13,4,0,6,36
399,08/10/2021 03:45,16,30,28,17,24,16,26,31,21,56,22,34,32,0,2,,18,0,0,4,
400,08/10/2021 04:00,19,25,17,23,17,19,24,24,19,38,22,22,54,1,2,,18,,2,6,
401,08/10/2021 04:15,9,21,25,25,36,21,31,24,24,22,20,26,41,1,1,,15,1,1,6,
402,08/10/2021 04:30,23,19,18,30,17,29,21,33,18,27,26,23,34,1,1,,18,0,9,8,
403,08/10/2021 04:45,10,15,18,20,21,15,25,17,18,21,18,29,41,2,2,0,20,3,,10,
404,08/10/2021 05:00,13,21,17,16,18,20,39,21,20,35,17,24,23,2,1,3,20,5,3,1,
405,08/10/2021 05:15,19,24,19,12,26,14,20,19,19,44,27,22,27,1,2,0,15,7,,3,2
406,08/10/2021 05:30,18,27,13,23,23,24,25,20,17,48,25,17,22,1,2,2,19,0,7,8,
407,08/10/2021 05:45,13,23,18,20,18,17,23,26,13,21,18,20,20,1,2,,12,0,3,24,37
408,08/10/2021 06:00,25,14,20,22,21,13,15,25,14,22,19,22,20,1,2,5,15,7,5,19,23
409,08/10/2021 06:15,18,16,18,30,16,15,28,29,14,22,19,14,23,2,1,2,17,9,4,29,95
410,08/10/2021 06:30,22,17,15,28,22,20,31,45,14,24,20,21,23,1,1,0,27,9,8,21,32
411,08/10/2021 06:45,28,15,13,24,32,12,23,40,21,18,21,20,22,1,1,15,19,12,7,45,
412,08/10/2021 07:00,24,17,21,39,67,19,28,28,16,25,14,19,21,2,2,10,23,7,10,49,42
413,08/10/2021 07:15,34,15,16,51,33,26,28,53,19,32,21,21,22,1,1,9,26,6,15,55,65
414,08/10/2021 07:30,33,14,19,70,14,31,56,67,21,40,19,21,22,1,3,16,24,13,10,75,111
415,08/10/2021 07:45,36,23,31,72,19,23,54,99,20,62,20,28,28,2,4,22,38,19,14,55,163
416,08/10/2021 08:00,72,13,23,84,42,32,56,103,19,33,19,22,47,1,4,19,29,18,22,71,234
417,08/10/2021 08:15,68,34,33,72,29,43,50,181,20,51,25,30,35,1,6,36,32,17,30,129,215
418,08/10/2021 08:30,157,27,25,56,33,30,55,239,27,48,32,33,40,2,5,37,29,42,60,147,354
419,08/10/2021 08:45,134,49,34,100,36,30,46,350,23,73,26,35,52,2,8,44,42,44,67,148,258
420,08/10/2021 09:00,132,30,40,129,33,36,46,211,25,57,30,41,48,2,11,39,45,71,74,178,181
421,08/10/2021 09:15,66,24,32,133,47,31,71,227,19,55,28,37,53,7,24,66,61,65,73,251,230
422,08/10/2021 09:30,110,41,37,151,48,35,64,267,17,80,31,40,56,10,36,71,94,115,78,273,144
423,08/10/2021 09:45,120,40,33,129,75,41,64,304,34,78,47,45,63,10,34,119,127,118,90,304,291
424,08/10/2021 10:00,115,37,39,159,58,44,125,279,28,192,31,41,57,9,38,124,116,168,117,352,63
425,08/10/2021 10:15,135,27,42,158,74,64,77,335,45,158,43,49,77,24,68,192,241,207,151,358,138
426,08/10/2021 10:30,187,37,56,175,105,50,110,371,41,162,43,49,85,42,93,238,281,242,160,442,246
427,08/10/2021 10:45,273,33,39,186,129,70,127,475,34,164,58,71,91,26,85,303,297,259,262,463,109
428,08/10/2021 11:00,218,32,65,233,105,60,145,438,33,179,73,96,113,22,84,319,442,375,178,,261
429,08/10/2021 11:15,148,44,61,208,178,93,148,477,71,229,92,107,116,29,87,389,432,349,234,198,135
430,08/10/2021 11:30,199,61,60,208,156,77,127,496,50,219,68,94,125,24,90,415,507,416,275,649,126
431,08/10/2021 11:45,264,55,71,253,239,98,174,622,63,157,86,90,197,27,87,486,550,449,268,612,125
432,08/10/2021 12:00,344,53,63,250,212,121,154,590,78,232,103,122,204,30,92,550,559,561,352,729,195
433,08/10/2021 12:15,405,68,63,302,222,149,172,647,84,271,105,151,193,45,128,614,706,583,300,715,201
434,08/10/2021 12:30,442,71,68,194,197,124,204,796,97,250,120,125,199,91,194,580,669,618,335,666,217
435,08/10/2021 12:45,408,76,91,287,288,138,225,856,83,300,134,130,270,48,152,722,762,605,314,681,145
436,08/10/2021 13:00,297,82,76,202,237,177,212,768,80,209,117,151,238,38,142,751,767,673,325,666,232
437,08/10/2021 13:15,240,71,49,233,225,182,209,842,127,276,129,124,324,40,146,724,838,680,309,746,227
438,08/10/2021 13:30,371,76,69,239,259,196,218,869,99,256,158,139,322,36,131,720,789,774,328,663,161
439,08/10/2021 13:45,312,70,97,235,261,191,222,840,119,260,172,156,258,41,140,802,843,752,344,781,221
440,08/10/2021 14:00,302,99,74,229,250,200,250,838,133,300,166,185,301,36,125,803,760,825,316,796,190
441,08/10/2021 14:15,372,109,66,261,287,229,241,825,133,367,190,163,321,34,127,890,760,841,327,643,326
442,08/10/2021 14:30,321,90,92,329,278,168,326,981,128,305,232,227,323,39,143,914,811,846,290,694,219
443,08/10/2021 14:45,438,99,109,382,316,231,292,955,154,401,200,193,392,44,136,876,851,896,375,826,318
444,08/10/2021 15:00,310,70,91,285,321,196,246,994,173,282,149,188,344,37,137,881,1051,917,412,716,205
445,08/10/2021 15:15,555,142,104,343,324,220,314,1077,169,393,177,208,360,43,140,823,1289,930,322,781,360
446,08/10/2021 15:30,495,99,147,335,304,205,357,1004,166,392,217,206,387,40,121,947,1206,853,464,866,197
447,08/10/2021 15:45,388,127,176,394,333,243,365,1054,170,353,230,187,388,31,105,914,1160,920,417,847,371
448,08/10/2021 16:00,478,96,138,299,317,222,292,978,207,310,251,210,415,34,125,1054,1135,976,384,808,281
449,08/10/2021 16:15,468,125,103,358,313,228,343,1285,186,370,273,253,360,38,126,1006,1153,985,407,832,229
450,08/10/2021 16:30,492,121,148,340,296,210,331,1047,163,375,262,228,376,43,127,972,1260,1002,359,805,438
451,08/10/2021 16:45,420,134,181,375,301,218,325,1130,199,426,269,211,404,116,202,966,1251,963,429,793,234
452,08/10/2021 17:00,357,108,173,327,296,226,383,1184,244,402,269,282,433,92,179,1043,1217,1058,396,856,434
453,08/10/2021 17:15,466,107,239,326,298,261,377,1272,235,404,307,275,488,35,115,979,1190,793,471,905,283
454,08/10/2021 17:30,414,159,154,372,364,267,361,1170,271,453,263,299,400,36,108,962,1277,881,418,929,471
455,08/10/2021 17:45,415,148,140,419,342,240,424,1163,266,476,279,281,406,48,151,909,1177,927,449,880,251
456,08/10/2021 18:00,454,153,145,428,368,235,404,1135,277,417,292,311,408,48,163,903,1020,832,423,935,556
457,08/10/2021 18:15,382,122,139,419,281,287,426,1130,284,409,277,319,470,50,181,791,950,738,372,920,419
458,08/10/2021 18:30,357,75,155,395,418,285,430,1231,264,413,400,328,501,47,184,745,967,817,354,907,327
459,08/10/2021 18:45,407,117,121,415,425,348,431,1167,316,523,312,364,497,45,170,637,886,745,330,836,397
460,08/10/2021 19:00,421,154,140,475,377,394,448,1274,434,434,353,441,473,34,139,575,756,609,308,800,363
461,08/10/2021 19:15,328,141,127,442,453,322,467,1035,410,523,472,523,557,32,117,422,595,542,269,837,339
462,08/10/2021 19:30,338,187,126,313,482,328,522,1170,602,535,486,547,612,25,83,349,521,493,248,806,338
463,08/10/2021 19:45,345,184,158,389,445,432,638,1176,768,458,511,592,613,24,82,349,590,506,216,779,238
464,08/10/2021 20:00,292,175,161,477,476,372,616,1194,731,502,573,763,664,19,71,297,458,390,219,716,371
465,08/10/2021 20:15,362,198,136,413,469,432,593,1242,649,581,577,612,679,14,70,271,274,344,216,698,234
466,08/10/2021 20:30,433,229,139,638,427,471,674,1224,789,587,571,812,818,21,81,244,302,289,216,556,285
467,08/10/2021 20:45,311,157,111,358,482,379,631,1194,862,536,582,745,761,17,51,176,263,232,214,622,202
468,08/10/2021 21:00,419,253,168,438,505,447,685,1258,784,583,568,848,851,15,46,173,212,288,165,546,198
469,08/10/2021 21:15,425,251,147,440,599,425,660,1305,855,594,701,926,662,12,40,149,194,186,184,507,325
470,08/10/2021 21:30,374,243,235,380,441,509,707,1183,904,533,849,897,909,11,37,148,373,228,164,536,185
471,08/10/2021 21:45,396,208,311,349,543,431,631,1131,845,615,699,991,859,13,43,150,169,222,206,486,156
472,08/10/2021 22:00,373,269,327,381,628,459,821,1272,987,627,727,1084,915,16,49,173,233,188,164,404,215
473,08/10/2021 22:15,377,274,392,406,581,593,704,1236,995,538,737,1032,1085,13,44,127,181,212,118,503,175
474,08/10/2021 22:30,428,227,452,369,675,509,802,1122,1000,601,903,953,1016,13,39,141,169,153,123,406,225
475,08/10/2021 22:45,321,253,360,353,536,537,707,969,937,505,778,1078,1069,13,38,105,155,180,116,415,216
476,08/10/2021 23:00,301,218,342,354,574,446,614,1100,862,628,747,910,989,11,33,161,208,113,73,421,148
477,08/10/2021 23:15,247,266,314,375,416,476,701,1024,787,562,680,920,1074,8,30,154,159,132,123,388,251
478,08/10/2021 23:30,307,247,238,390,449,490,637,865,873,467,679,819,1011,6,27,99,138,140,99,343,193
479,08/10/2021 23:45,250,215,211,371,492,503,713,964,833,785,735,831,1004,8,26,96,153,129,107,395,171
480,09/10/2021 00:00,353,253,301,475,488,590,742,1119,873,740,804,822,1097,9,34,136,233,196,143,383,443
481,09/10/2021 00:15,301,200,285,291,453,523,579,891,867,563,714,806,981,14,41,122,234,211,150,422,335
482,09/10/2021 00:30,187,173,271,200,286,390,484,752,752,551,566,592,811,12,36,97,159,140,98,280,319
483,09/10/2021 00:45,96,98,231,176,287,309,412,668,618,484,559,518,682,6,23,62,98,113,76,349,322
484,09/10/2021 01:00,92,51,199,123,302,375,276,544,577,282,519,465,737,4,18,37,64,95,79,148,126
485,09/10/2021 01:15,81,83,229,102,110,204,366,419,464,291,497,406,546,6,22,31,48,82,44,131,183
486,09/10/2021 01:30,82,46,182,118,196,180,240,343,380,257,361,349,542,4,11,21,37,112,50,98,131
487,09/10/2021 01:45,78,54,131,79,155,193,253,313,261,214,299,327,385,2,8,32,51,50,26,82,74
488,09/10/2021 02:00,71,66,110,73,124,118,291,204,230,190,269,241,358,3,10,23,42,72,28,63,83
489,09/10/2021 02:15,49,54,79,48,65,100,185,181,166,188,210,215,313,1,8,23,27,56,24,61,48
490,09/10/2021 02:30,53,45,61,51,88,65,148,162,145,144,166,163,196,3,8,22,31,47,13,73,133
491,09/10/2021 02:45,42,51,51,52,54,40,114,170,153,138,153,146,184,2,7,,22,27,15,47,
492,09/10/2021 03:00,27,32,64,34,51,39,89,102,104,88,157,102,182,1,3,7,29,23,9,34,
493,09/10/2021 03:15,24,30,48,24,66,43,60,98,77,97,120,126,174,2,4,14,35,31,11,32,2
494,09/10/2021 03:30,40,23,45,45,52,38,66,64,86,54,115,122,140,1,5,1,37,18,3,26,
495,09/10/2021 03:45,19,22,43,24,39,38,61,64,68,47,66,88,83,1,3,6,16,26,6,13,
496,09/10/2021 04:00,23,23,42,23,33,29,68,70,49,53,63,102,77,1,2,2,24,0,2,13,69
497,09/10/2021 04:15,18,21,36,19,35,19,48,61,57,43,61,58,67,1,2,7,23,8,6,22,96
498,09/10/2021 04:30,17,20,31,28,34,31,39,45,39,75,41,65,65,1,2,6,17,1,6,38,43
499,09/10/2021 04:45,21,28,20,22,33,28,36,31,20,52,25,46,48,1,2,5,19,4,6,16,
500,09/10/2021 05:00,23,20,34,29,25,25,24,22,25,63,28,33,44,1,3,1,9,1,10,14,
501,09/10/2021 05:15,16,16,15,35,29,17,23,39,22,38,20,21,29,1,2,9,22,5,2,12,
502,09/10/2021 05:30,16,17,26,20,23,15,23,33,25,45,25,34,26,2,2,1,13,5,0,17,26
503,09/10/2021 05:45,19,20,19,20,15,21,21,35,19,55,20,21,25,1,2,4,21,7,4,28,29
504,09/10/2021 06:00,21,12,29,13,14,16,15,29,21,22,18,16,12,1,2,,22,6,2,18,38
505,09/10/2021 06:15,23,12,16,20,23,21,21,23,17,31,19,14,22,0,2,1,17,6,7,33,59
506,09/10/2021 06:30,18,13,17,18,20,17,19,34,17,38,14,19,23,1,2,3,14,5,5,33,19
507,09/10/2021 06:45,17,13,16,31,17,27,28,26,17,21,14,22,23,1,2,8,12,6,13,45,26
508,09/10/2021 07:00,21,17,17,28,23,25,17,43,16,47,15,13,18,1,2,5,19,11,10,41,34
509,09/10/2021 07:15,21,21,13,19,36,13,18,45,19,26,25,19,17,2,2,4,20,7,4,38,58
510,09/10/2021 07:30,19,23,21,36,31,18,28,50,21,36,24,24,21,1,3,,17,15,6,44,49
511,09/10/2021 07:45,30,23,14,42,34,21,31,63,15,33,21,16,23,2,4,7,21,14,16,74,53
512,09/10/2021 08:00,28,17,16,38,31,13,24,85,20,29,27,17,30,1,3,14,31,10,20,53,36
513,09/10/2021 08:15,39,25,16,52,42,23,42,71,26,31,33,21,30,3,6,19,18,32,20,79,88
514,09/10/2021 08:30,39,19,14,60,30,15,39,90,30,38,21,23,29,3,6,23,24,21,27,113,75
515,09/10/2021 08:45,48,32,25,52,55,29,43,149,25,55,30,37,41,2,7,33,39,38,38,113,75
516,09/10/2021 09:00,41,27,23,89,29,26,57,101,26,72,24,32,38,4,9,24,25,59,63,163,62
517,09/10/2021 09:15,66,38,41,95,65,21,68,159,30,96,43,50,41,3,16,62,63,65,84,204,151
518,09/10/2021 09:30,138,32,33,148,74,46,85,226,30,100,46,45,61,6,23,68,76,91,92,281,110
519,09/10/2021 09:45,138,29,44,168,59,62,114,310,31,114,48,47,94,8,36,138,180,146,120,353,111
520,09/10/2021 10:00,125,50,54,197,116,61,125,269,37,142,58,85,81,14,43,180,199,137,147,389,105
521,09/10/2021 10:15,159,51,35,218,111,52,97,252,40,148,47,58,85,30,70,242,256,281,242,598,239
522,09/10/2021 10:30,206,61,39,315,146,52,119,367,36,222,97,81,100,60,112,306,335,317,243,542,136
523,09/10/2021 10:45,256,51,56,251,211,68,207,725,48,257,86,97,126,63,152,389,382,367,296,666,156
524,09/10/2021 11:00,262,61,63,385,213,91,152,634,28,261,106,86,150,45,144,480,616,454,248,719,146
525,09/10/2021 11:15,333,73,75,328,302,77,203,849,73,264,125,143,135,44,155,595,666,621,252,815,323
526,09/10/2021 11:30,319,63,64,349,326,110,213,966,73,444,91,153,207,64,187,708,750,659,381,774,179
527,09/10/2021 11:45,379,107,78,332,320,103,246,928,116,323,130,168,258,78,240,806,853,706,368,783,206
528,09/10/2021 12:00,472,82,79,391,383,127,296,1124,103,348,169,191,220,80,250,878,937,878,440,868,283
529,09/10/2021 12:15,504,112,100,371,371,173,292,1058,149,373,215,188,245,77,255,965,1122,963,484,923,196
530,09/10/2021 12:30,581,113,51,380,408,209,259,1161,207,416,199,211,352,206,391,985,1098,977,496,952,264
531,09/10/2021 12:45,669,132,68,342,502,203,291,1275,222,386,142,261,346,103,291,1066,1381,1022,513,1010,145
532,09/10/2021 13:00,494,136,100,433,538,218,328,1357,197,379,307,300,396,105,284,1146,1338,1088,411,925,266
533,09/10/2021 13:15,629,117,73,436,527,273,361,1229,201,458,217,204,338,90,273,1299,1466,1123,514,1023,258
534,09/10/2021 13:30,534,152,105,429,623,246,427,1553,259,547,269,246,440,121,322,1314,1417,997,551,940,278
535,09/10/2021 13:45,449,106,120,480,478,298,373,1438,239,498,295,207,442,167,379,1104,1411,1257,531,1000,316
536,09/10/2021 14:00,412,126,131,435,497,226,413,1438,205,514,368,268,369,108,301,1279,1259,1234,561,1052,318
537,09/10/2021 14:15,443,158,127,456,554,247,431,1581,254,469,307,303,443,117,322,1365,1481,1281,685,1094,324
538,09/10/2021 14:30,454,154,131,437,572,355,437,1634,348,502,332,293,565,92,286,1344,1282,1371,531,1036,383
539,09/10/2021 14:45,555,198,159,461,646,289,430,1463,365,507,414,350,474,74,261,1412,1608,1345,533,1014,406
540,09/10/2021 15:00,578,156,151,475,477,343,371,1595,320,518,333,347,552,108,304,1483,1936,1337,491,980,332
541,09/10/2021 15:15,470,178,191,489,553,382,464,1614,355,583,390,511,610,131,322,1428,1816,1305,669,1023,369
542,09/10/2021 15:30,402,221,170,458,573,370,429,1824,344,581,439,448,774,127,309,1551,2006,1356,586,923,412
543,09/10/2021 15:45,402,240,166,541,512,340,451,1818,364,573,429,451,552,108,290,1489,1910,1522,696,1005,383
544,09/10/2021 16:00,707,232,216,608,537,356,551,1773,385,592,481,424,591,124,290,1502,1870,1415,611,1019,502
545,09/10/2021 16:15,523,198,172,532,536,393,519,1626,341,708,472,399,606,170,327,1611,1936,1490,702,903,437
546,09/10/2021 16:30,418,218,178,486,627,326,621,1866,373,622,547,586,663,79,224,1512,1823,1460,726,1115,351
547,09/10/2021 16:45,571,219,234,561,539,377,600,1705,397,680,441,450,714,100,241,1516,1824,1417,674,1125,374
548,09/10/2021 17:00,409,209,295,533,534,388,663,1691,382,735,442,452,701,89,224,1554,1846,1424,698,1035,388
549,09/10/2021 17:15,469,197,279,555,554,418,521,1632,456,618,513,457,761,109,272,1377,1783,1332,707,1140,352
550,09/10/2021 17:30,412,167,255,579,573,413,552,1640,430,655,463,408,713,107,250,1287,1731,1309,642,1128,564
551,09/10/2021 17:45,548,197,256,531,679,445,683,1740,494,703,554,481,730,164,333,1263,1498,1082,647,1018,296
552,09/10/2021 18:00,519,163,197,553,625,486,688,1860,507,785,543,505,858,180,396,1125,1454,1186,598,1022,407
553,09/10/2021 18:15,530,154,238,489,585,448,704,1648,540,633,579,545,794,78,269,1098,1316,1171,558,1030,472
554,09/10/2021 18:30,503,229,229,589,727,416,624,1714,620,623,716,560,727,167,358,968,1253,1066,497,986,425
555,09/10/2021 18:45,521,190,222,539,676,526,789,1670,586,682,625,623,801,229,441,757,1155,987,464,931,324
556,09/10/2021 19:00,330,209,267,580,775,580,886,1704,790,790,717,708,862,96,279,694,1105,754,393,963,379
557,09/10/2021 19:15,498,253,177,618,609,755,740,1641,1025,804,707,908,813,109,221,526,672,583,299,904,272
558,09/10/2021 19:30,412,219,258,541,705,662,917,1757,1008,763,831,935,1014,137,225,462,631,531,288,829,362
559,09/10/2021 19:45,441,263,178,523,656,744,1048,1580,1099,765,843,1068,929,38,117,435,622,495,292,765,346
560,09/10/2021 20:00,428,342,277,659,696,495,997,1800,1171,895,891,1063,1033,28,95,318,506,383,207,732,275
561,09/10/2021 20:15,431,393,266,577,716,683,954,1511,1166,789,985,1068,1038,22,73,293,399,356,220,623,290
562,09/10/2021 20:30,446,289,222,582,592,918,946,1468,1030,725,826,1164,1052,17,61,257,342,365,252,659,337
563,09/10/2021 20:45,476,360,199,562,661,636,922,1674,1175,647,907,1500,1096,23,62,176,267,259,209,548,138
564,09/10/2021 21:00,452,380,253,501,753,635,915,1474,1122,742,908,1175,1144,20,66,232,308,319,199,523,174
565,09/10/2021 21:15,498,363,296,544,677,648,970,1433,1202,782,965,1152,1180,13,52,174,216,235,154,544,291
566,09/10/2021 21:30,433,479,455,494,581,651,935,1458,1062,704,975,1346,1060,17,54,116,206,222,170,474,199
567,09/10/2021 21:45,367,333,351,472,666,817,996,1564,1167,767,926,1230,1098,14,43,197,199,265,170,425,141
568,09/10/2021 22:00,466,333,417,477,629,767,945,1611,1246,803,959,1304,1159,13,41,141,205,238,191,415,120
569,09/10/2021 22:15,480,332,383,423,631,644,986,1252,1152,789,941,1311,1170,10,36,182,239,204,119,431,117
570,09/10/2021 22:30,459,319,350,413,578,593,1071,1228,1321,725,912,1321,1143,14,43,129,176,229,125,404,245
571,09/10/2021 22:45,489,336,555,483,646,695,967,1345,1080,705,798,999,1137,10,38,147,184,175,133,365,155
572,09/10/2021 23:00,329,234,556,402,559,583,957,1108,1064,654,622,1079,1063,11,33,94,140,123,135,387,112
573,09/10/2021 23:15,224,270,472,346,486,589,949,1137,1280,586,847,1087,738,19,38,133,178,116,107,286,178
574,09/10/2021 23:30,344,195,359,460,407,502,763,1066,937,748,831,1175,987,15,36,105,144,179,138,344,235
575,09/10/2021 23:45,337,251,449,452,504,571,955,952,1026,705,850,1124,1210,10,33,115,138,144,114,359,142
576,10/10/2021 00:00,336,357,500,612,468,558,1032,1249,1297,794,966,938,775,12,37,139,175,180,152,364,197
577,10/10/2021 00:15,346,275,514,428,451,445,762,1013,1164,754,785,492,1036,11,45,200,249,202,182,383,290
578,10/10/2021 00:30,210,134,282,368,308,457,701,880,832,493,673,724,978,12,38,143,190,183,161,371,308
579,10/10/2021 00:45,149,142,212,174,321,487,542,720,698,371,638,682,854,17,42,93,171,106,94,315,194
580,10/10/2021 01:00,114,104,189,145,203,582,399,563,549,456,590,667,785,10,35,67,130,125,64,206,66
581,10/10/2021 01:15,60,95,202,137,148,261,379,437,450,308,490,425,612,4,15,48,91,91,42,234,59
582,10/10/2021 01:30,94,69,152,109,125,142,295,299,499,304,435,412,659,2,12,56,70,70,22,177,166
583,10/10/2021 01:45,50,85,107,84,93,155,216,307,336,227,395,400,504,2,10,25,34,58,32,113,64
584,10/10/2021 02:00,60,71,105,87,91,109,187,268,197,140,387,266,430,3,8,18,45,60,24,94,58
585,10/10/2021 02:15,60,61,75,71,98,55,138,194,192,162,238,204,392,2,8,12,18,66,12,92,107
586,10/10/2021 02:30,58,43,73,54,63,67,124,124,168,135,212,208,236,3,11,9,31,44,15,66,90
587,10/10/2021 02:45,25,31,52,31,61,53,95,148,146,94,210,169,250,1,6,19,21,11,11,60,82
588,10/10/2021 03:00,38,33,55,51,62,53,81,116,166,106,202,192,236,2,7,7,24,17,20,31,103
589,10/10/2021 03:15,30,25,61,31,46,32,57,83,119,87,139,115,206,1,4,4,15,20,4,45,104
590,10/10/2021 03:30,34,36,61,34,57,33,66,66,106,64,123,90,171,1,5,2,13,17,11,19,155
591,10/10/2021 03:45,39,18,56,37,45,51,87,68,60,75,114,81,164,1,4,6,25,3,12,30,77
592,10/10/2021 04:00,15,22,41,21,43,27,47,48,80,82,109,89,108,1,3,0,16,14,4,28,80
593,10/10/2021 04:15,16,26,43,16,27,28,58,54,50,54,60,71,94,1,2,0,21,1,8,43,79
594,10/10/2021 04:30,16,18,30,26,21,33,42,34,42,58,46,61,99,1,3,,17,3,6,26,35
595,10/10/2021 04:45,23,25,34,26,28,27,43,31,30,63,48,51,65,1,3,,16,5,7,22,42
596,10/10/2021 05:00,28,23,28,22,18,23,28,27,14,44,28,28,54,1,2,1,13,0,6,26,24
597,10/10/2021 05:15,15,24,17,31,23,19,27,32,40,42,37,35,60,1,2,2,20,8,12,17,102
598,10/10/2021 05:30,20,22,20,30,23,19,24,39,28,49,48,27,25,1,2,4,13,4,1,20,40
599,10/10/2021 05:45,26,12,13,29,15,21,21,44,9,41,22,36,14,0,2,,14,3,5,42,26
600,10/10/2021 06:00,15,17,20,22,19,20,21,47,22,29,23,25,24,2,2,0,17,7,3,15,38
601,10/10/2021 06:15,16,24,18,34,16,13,27,24,21,30,20,15,14,2,2,,13,3,1,19,51
602,10/10/2021 06:30,15,15,11,16,22,21,17,30,21,28,23,21,12,1,2,,20,1,,25,16
603,10/10/2021 06:45,12,14,10,29,30,17,19,21,13,25,21,27,19,1,3,,16,14,8,36,38
604,10/10/2021 07:00,26,15,12,33,18,17,16,36,18,30,14,17,19,2,3,0,23,6,8,23,24
605,10/10/2021 07:15,19,18,21,28,19,16,23,37,19,43,18,14,17,1,3,4,9,2,8,49,40
606,10/10/2021 07:30,22,17,21,42,19,11,23,35,21,27,18,21,23,1,4,5,20,4,10,53,28
607,10/10/2021 07:45,15,20,26,23,18,16,16,59,20,36,21,16,18,2,4,6,15,4,7,50,54
608,10/10/2021 08:00,24,24,21,43,25,26,28,57,18,35,28,10,24,2,3,6,17,6,7,60,21
609,10/10/2021 08:15,20,22,17,38,13,21,20,60,16,37,24,25,22,1,2,13,12,20,14,74,58
610,10/10/2021 08:30,27,20,15,40,24,19,29,61,19,38,19,18,25,2,5,14,24,26,33,69,47
611,10/10/2021 08:45,39,26,17,90,27,32,35,73,18,53,22,28,15,2,7,31,46,24,46,117,128
612,10/10/2021 09:00,64,27,30,52,37,34,42,86,24,69,28,27,32,4,11,24,30,40,42,97,38
613,10/10/2021 09:15,58,29,45,67,45,31,44,165,23,72,17,35,42,3,12,38,53,48,63,166,59
614,10/10/2021 09:30,71,25,37,135,31,27,57,146,44,114,33,52,63,7,21,65,56,31,63,149,71
615,10/10/2021 09:45,88,20,40,114,75,40,77,204,28,132,57,29,55,6,27,69,76,59,73,262,208
616,10/10/2021 10:00,122,34,40,127,50,41,82,240,46,165,48,77,58,9,33,89,77,74,121,323,77
617,10/10/2021 10:15,96,35,40,187,87,54,89,241,47,155,64,82,88,30,62,104,132,164,149,307,142
618,10/10/2021 10:30,86,35,66,223,139,49,114,400,77,185,70,56,100,51,112,146,245,209,182,502,158
619,10/10/2021 10:45,135,50,65,254,224,58,152,485,43,237,80,79,134,37,121,264,301,269,171,582,309
620,10/10/2021 11:00,274,54,52,235,155,90,158,516,82,293,57,63,126,25,83,262,306,297,234,594,115
621,10/10/2021 11:15,271,63,71,273,188,62,213,592,98,239,124,98,151,36,106,397,525,386,228,720,136
622,10/10/2021 11:30,270,67,63,320,216,131,209,671,100,264,107,88,210,39,144,476,688,493,239,764,159
623,10/10/2021 11:45,282,57,108,404,250,141,219,844,95,304,139,172,234,52,161,660,669,616,292,987,313
624,10/10/2021 12:00,449,52,64,320,282,122,272,945,126,312,144,163,218,68,188,655,854,630,339,689,191
625,10/10/2021 12:15,407,67,74,320,249,150,297,939,176,395,177,178,303,55,171,773,862,745,367,878,198
626,10/10/2021 12:30,420,113,141,318,290,192,283,1034,174,374,202,185,330,87,239,861,911,816,297,906,293
627,10/10/2021 12:45,342,89,88,367,300,213,332,1076,127,501,191,217,386,79,227,970,1174,880,422,908,165
628,10/10/2021 13:00,347,96,98,330,417,221,266,1150,151,494,241,221,374,133,293,1058,1197,968,345,892,347
629,10/10/2021 13:15,371,81,121,415,381,202,355,1380,204,431,277,226,373,112,283,1075,1259,941,481,858,230
630,10/10/2021 13:30,413,123,120,342,450,257,309,1206,205,401,272,241,362,98,271,1140,1337,976,419,800,314
631,10/10/2021 13:45,463,144,135,360,440,222,403,1336,230,484,241,284,413,82,297,1151,1373,1098,551,884,334
632,10/10/2021 14:00,323,135,143,390,442,270,442,1405,286,622,320,282,562,123,359,1251,1387,1135,479,920,304
633,10/10/2021 14:15,365,100,136,410,426,279,395,1275,292,450,404,260,466,175,449,1248,1601,1244,486,1034,371
634,10/10/2021 14:30,344,110,135,487,395,303,443,1308,275,519,323,328,532,132,393,1327,1582,1309,532,1005,440
635,10/10/2021 14:45,384,151,116,390,388,258,386,1238,278,507,350,322,497,106,317,1015,1606,1270,556,889,308
636,10/10/2021 15:00,468,117,133,408,392,298,461,1235,340,471,396,333,525,117,312,1326,1576,1214,531,880,364
637,10/10/2021 15:15,408,134,221,380,452,328,435,1359,336,532,373,295,544,93,307,1378,1687,1241,607,898,283
638,10/10/2021 15:30,416,155,133,422,403,307,455,1335,277,541,346,332,575,125,337,1307,1660,1222,642,820,233
639,10/10/2021 15:45,434,138,175,385,506,288,457,1414,281,524,354,287,545,74,244,1337,1666,1138,597,859,432
640,10/10/2021 16:00,420,141,229,372,381,349,452,1594,285,544,491,383,551,80,278,1360,1623,1308,532,879,246
641,10/10/2021 16:15,420,131,147,494,399,364,467,1237,295,370,394,373,554,83,293,1209,1549,1166,578,870,428
642,10/10/2021 16:30,423,128,192,468,459,332,437,1227,269,537,390,283,553,74,279,1250,1533,1198,558,931,190
643,10/10/2021 16:45,418,168,192,387,411,299,512,1117,332,568,391,353,565,70,270,1222,1416,1119,611,911,457
644,10/10/2021 17:00,401,119,163,380,455,340,462,1405,331,519,363,389,625,64,246,1192,1373,1179,536,844,280
645,10/10/2021 17:15,324,94,188,402,467,335,431,1338,285,454,345,303,590,68,267,1129,1397,1058,466,928,288
646,10/10/2021 17:30,398,120,113,375,368,329,444,1218,278,471,360,363,514,56,230,1038,1348,1005,514,846,397
647,10/10/2021 17:45,343,98,131,464,414,280,412,1144,321,440,327,295,598,63,221,904,1242,763,465,920,269
648,10/10/2021 18:00,317,144,134,383,328,349,462,1053,258,567,366,309,562,79,236,814,1085,882,486,791,376
649,10/10/2021 18:15,326,93,179,386,335,318,462,1026,375,536,395,315,737,249,416,701,990,761,375,723,256
650,10/10/2021 18:30,303,118,147,361,485,361,445,1209,349,397,402,372,589,48,182,621,895,660,367,747,348
651,10/10/2021 18:45,275,128,153,415,383,358,443,1095,414,512,489,473,497,36,148,532,799,578,295,640,220
652,10/10/2021 19:00,233,98,157,402,415,394,495,1025,509,507,482,460,584,22,119,396,589,464,257,578,284
653,10/10/2021 19:15,272,131,123,404,473,360,549,934,690,474,533,574,556,17,67,236,357,319,207,570,247
654,10/10/2021 19:30,245,123,153,331,422,448,646,1083,598,496,517,572,674,10,27,158,291,202,170,436,182
655,10/10/2021 19:45,223,192,90,266,257,335,496,854,503,441,424,427,579,6,20,122,168,189,104,500,113
656,10/10/2021 20:00,248,141,149,326,339,346,576,811,603,413,525,555,594,6,19,103,165,218,112,378,141
657,10/10/2021 20:15,184,117,120,315,360,328,478,824,495,479,446,517,630,7,20,113,115,138,85,406,163
658,10/10/2021 20:30,154,150,96,382,249,351,477,831,473,368,409,537,570,4,16,84,128,153,112,292,153
659,10/10/2021 20:45,189,139,67,306,324,257,465,741,437,379,421,483,479,5,15,84,121,127,71,293,108
660,10/10/2021 21:00,135,166,57,281,245,326,421,590,427,333,434,565,546,3,8,59,101,80,51,242,57
661,10/10/2021 21:15,162,100,75,236,223,289,385,488,509,407,377,394,455,2,5,40,62,60,61,214,154
662,10/10/2021 21:30,125,128,109,250,181,290,392,636,491,329,405,480,499,3,8,23,75,68,51,254,125
663,10/10/2021 21:45,158,148,139,203,290,265,408,636,406,366,426,455,601,4,13,64,88,89,71,215,80
664,10/10/2021 22:00,175,109,149,291,268,187,463,709,572,393,422,527,559,4,12,72,72,98,93,241,116
665,10/10/2021 22:15,104,98,151,219,214,239,402,670,420,387,451,510,631,4,13,34,72,72,45,221,92
666,10/10/2021 22:30,140,120,108,166,225,180,376,561,444,272,411,550,481,4,14,43,68,65,68,175,160
667,10/10/2021 22:45,145,101,137,188,215,143,419,564,424,252,409,501,619,5,13,26,46,70,54,187,66
668,10/10/2021 23:00,95,96,114,194,231,157,397,550,496,295,369,545,446,4,11,39,54,71,59,147,62
669,10/10/2021 23:15,109,83,145,123,229,150,313,469,420,259,396,483,438,4,12,43,49,63,62,135,99
670,10/10/2021 23:30,77,57,89,148,164,117,248,445,330,191,401,456,501,3,11,38,64,52,42,121,117
671,10/10/2021 23:45,55,57,116,216,199,149,267,352,391,274,385,457,568,2,8,27,51,65,37,170,53
